{"cameraMode":{"drawMode":0,"name":"Shaded","section":"Shading Mode"},"sceneLighting":false,"audioPlay":false,"sceneViewState":{"showFog":true,"showMaterialUpdate":false,"showSkybox":false,"showFlares":true,"showImageEffects":true,"showParticleSystems":true},"in2DMode":false,"pivot":{"x":4.406513214111328,"y":0.6470851898193359,"z":12.548806190490723},"rotation":{"x":0.20742300152778626,"y":0.3202838599681854,"z":-0.07209193706512451,"w":0.9215192198753357},"size":13.070487022399903,"orthographic":false}